titulo;categoria;dificuldade;tempo_total;calorias;rating;ingredientes;passos;criterios
Creme de abóbora;Entrada;Médio;40 min;240 Kcal;4.49;300 g de abóbora | 2 batatas (médias) | 200 ml de natas / creme de leite | 2 colheres de sopa de óleo de girassol | 1 colher (de café) de pimenta | 1 colher (de café) de sal | 1/2 alho francês (alho-poró);Cortar o alho francês/poró e as batatas. | Cortar a abóbora pela metade e retirar as sementes. Cortar em cubos. | Ligar o lume (médio). Numa pequena panela, cozer o óleo de girassol e o alho francês/poró. Juntar as batatas, a abóbora, sal, pimenta e mexer durante 3 minutos. | Juntar água até que o todo esteja coberto. Colocar a tampa e deixar cozer durante 30 minutos. Para verificar a cozedura dos legumes, pique-os com uma faca. Eles devem estar tenros. | Verter a mistura num liquidificador. Mixe. Junte as natas. Mixe de novo e já está!;Sem glúten | Vegetariano | Sem açúcar | Sem ovo
Folhado de camembert;Entrada;Fácil;35 min;528 Kcal;4.56;1 queijo Camembert | 1 rolo de massa folhada | 1 maçã | 1 ovo | 2 colher de sopa de mel | Ervas aromáticas (de Provence) | Pimenta;Descasque as maçãs, corte em fatias e coloque no microondas por 1 minuto e 30 segundos. | Corte o queijo pelo meio. | Coloque as fatias da maçã por cima de uma das metades. | Junte o mel, pimenta e ervas de Provence. | Coloque a outra metade do queijo por cima, para fechar. Cubra o todo com papel de alumínio e deixe repousar no frigorífico / geladeira por 15 minutos. | Estenda a massa folhada sobre uma superfície lisa, coloque o queijo no centro. | Cubra o queijo com a massa folhada. | Pincele com ovo e ponha no forno durante 20 minutos a 190ºC. Pronto !;Vegetariano
Guacamole rápido;Entrada;Fácil;10 min;67 Kcal;4.46;2 abacates | 1 limão (juntar a gosto) | 1 tomate (juntar a gosto) | 1 cebola (juntar a gosto) | 1 pitada de pimenta (a gosto) | 1 pitada de sal;Cortar os abacates ao meio | Abrir | E tirar o caroço | Fazer cortes cruzados | Esvaziar o conteúdo com a ajuda de uma colher | Triturar os 2 abacates | Cortar o tomate em pedaços pequenos | Cortar a cebola em pedaços pequenos | Juntar todos os ingredientes numa taça: abacates triturados, cebola, tomate, sal, pimenta e um pouco de limão. | Misturar e está pronto !;Sem glúten | Vegan | Vegetariano | Sem lactose | Sem açúcar | Sem ovo
Folhados de queijo e presunto (travesseiros);Entrada;Fácil;35 min;1599 Kcal;4.59;1 massa folhada (retangular) | 4 col. de sopa de crème fraîche (ou requeijão) | 2 fatias de presunto (fiambre) | 100 gr de queijo (usamos emmental ralado) | 1 ovo;Corte a massa folhada em 8 retângulos do mesmo tamanho. Passe/barre o crème fraîche (ou requeijão) por cima de 4 retângulos da massa. | Junte 1/2 da fatia do presunto/fiambre e o queijo ralado. | Coloque agora por cima um outro retângulo da massa. Para fechar, sele as bordas com a ajuda de um garfo ( o formato fica igual a de um pastel de feira) | Pincele com ovo batido. Para finalizar, por cima de cada folhado, faça ranhuras (veja foto). Serve para decoração. | Leve ao forno por 20 minutos a 180°C. | Prepare a salada que os folhados já estão prontos. Bom apetite :D;
Crocmuffin de queijo, fiambre e ovo;Entrada;Fácil;20 min;400 Kcal;4.45;Pão de forma sem crosta | Natas (creme de leite ou queijo creme) | Fiambre | Ovos | Sal | Pimenta | Queijo gruyére ralado (ou outro que prefira);Coloque o pão na forma de muffin, como se fosse um ninho. | Coloque uma colher de sopa de natas por cima e o fiambre, cortado em quadrados. | Parta um ovo em cada muffin e tempere com sal e pimenta a gosto. | Por último, polvilhar com queijo ralado. | E leve ao forno de 15 a 20 minutos a 180ºC. O tempo de forno vai depender de como quer a gema, se muito ou pouco cozida. | Pronto para comer. Acompanhe com uma salada.;Sem açúcar
Ovos mexidos;Entrada;Fácil;18 min;813 Kcal;4.31;4 ovos | sal | noz moscada | manteiga | natas (opcional) (creme de leite opcional);Na frigideira, derreta a manteiga no fogo baixo. Bata os ovos com sal como se fosse omelete. Despeje/verta na frigideira ( já com a manteiga derretida). | Baixe o fogo ainda mais. Com uma espátula, misture regularmente. | Com o tempo, os ovos começam a se cozinhar. (se desejar, é nesta etapa que utiliza-se as natas/creme de leite). | Não cozinhe até o final. Quando os ovos se desprendem do fundo da frigideira, tire-os do fogo. | Coloque-os no prato de servir. Polvilhe com noz moscada. | Ovos mexidos prontinhos. Sirva-os quente.;Sem glúten | Vegetariano | Sem açúcar
Gaspacho andaluz;Entrada;Fácil;20 min;75 Kcal;4.29;1 kg de tomates | 1 pepino grande | 1/3 de pimento / pimentão verde | 200 ml água | 1 dente de alho | 2 colheres de sopa de azeite (de oliva) | sal a gosto | vinagre a gosto;Lavar e cortar os tomates, o pepino e o pimento/pimentão. (Opcional deixar ou retirar a pele do pepino, a única diferença será na cor final do gaspacho que ficará mais claro ou mais escuro) | Descascar e cortar o alho pela metade. Retirar a semente do centro com a ponta de uma faca. | Colocar no liquidificador ou picadora convencional, o pimento/pimentão, o pepino e metade dos tomates. Triturar. | Incorporar o resto dos tomates e voltar a triturar. | Juntar o alho. o azeite, o sal, o vinagre e metade da água. Triturar novamente. | Passar o gaspacho por um coador para retirar as sementes e os restos de pele de tomate que tenham ficado. | Por último, juntar o resto da água, retificar de sal ou vinagre, misturar bem e tapar com filme transparente durante 1 hora. Depois só tem de servir numa taça (para comer à colher ou beber) Opcional, juntar pepino e tomate picado por cima e um fio de azeite. E já está ! pronto para ser degustado! :);Sem glúten | Vegan | Vegetariano | Sem lactose | Sem açúcar | Sem ovo
Bolinhos / pastéis de bacalhau;Entrada;Médio;1 h 40 m;531 Kcal;4.44;400 g de bacalhau demolhado | 800 g de batatas | 2 ovos | 4 c. de sopa de farinha | 1 dente de alho | 3 raminhos de salsa | óleo para fritar | sal | pimenta;Cozer o bacalhau em água fervente por 10 minutos. | Cozer as batatas em água fervente até estarem cozidas. | Uma vez frias, esmagar as batatas em puré/ê e juntar os ovos , a salsa e o dente de alho picado. Misturar tudo. | Quando o peixe arrefecer, cortar em pedacinhos e retirar bem as espinhas. Juntar à mistura de batatas, juntar a farinha e misturar. | Com a ajuda de duas colheres de sopa, forme bolinhos com a preparação. Se preferir faça com as mãos. | Fritar os bolinhos em óleo quente. Frite todos os lados dos bolinhos. Retire da fritura e coloque sobre papel absorvente para retirar o excesso de óleo. | Deixe arrefecer um pouco e sirva morno ou frio.;Sem glúten | Sem lactose | Sem açúcar
Bacalhau com natas à portuguesa;Prato Principal;Médio;1 h 25 m;629 Kcal;4.53;4 posta(s) de bacalhau demolhado | 6 dl (600 ml) leite | 1 cebola (s) cortada(s) em rodelas | azeite | 2 c. sopa farinha | 1 kg batata (s) | noz moscada | 2 dl (200 ml) de natas (creme de leite) | queijo ralado | q.b. sal | q.b. Pimenta;Coza as postas de bacalhau em leite. | Corte a cebola em rodelas finas e refogue em azeite até estar mole e transparente. | Escorra o bacalhau e desfaça-o em lascas e junte à cebolada. Deixe refogar lentamente. Polvilhe com farinha, mexa e regue com leite coado, onde cozeu antes o bacalhau. Deixe engrossar, mexendo de vez em quando. | Descasque e corte as batatas em cubos e frite em óleo não quente, de forma a deixá-las mais cozidas que fritas. Escorra as batatas e junte-as ao bacalhau. Tempere com sal, pimenta e noz-moscada. | Deite tudo num tabuleiro untado de ir ao forno, espalhe por cima as natas e polvilhe com queijo ralado. Leve ao forno até estar gratinado. Sirva com uma salada fresca de alface e tomate.;Vegan | Vegetariano | Sem açúcar | Sem ovo
Tortilha de batatas com cebola;Prato Principal;Médio;40 min;231 Kcal;4.44;7 ovos | 1 kg de batatas | 50 ml azeite (de oliva) | sal a gosto | 1 cebola;Cortar a cebola. | Cortar as batatas, lavá-las e juntar-lhes o sal. Mexer bem. | Cozer a cebola na frigideira a fogo médio. E juntar as batatas de seguida. | Quando as batatas estiverem douradas e se puderem partir facilmente, juntamos os ovos préviamente batidos. | Cozinhar a parte de baixo da Tortilha. Quando vir que está cozido, vire-a com a ajuda de uma tampa de panela ou algo plano. Cozinhe o outro lado até que doure. E já está !;Sem glúten | Vegetariano | Sem lactose | Sem açúcar
Carne de vaca estufada;Prato Principal;Médio;40 min;486 Kcal;4.21;200 gr de carne de vaca em cubos | 1 cebola | 2 colheres de sopa de tomate | 1 folha de louro | 2 cravinhos | 1 raminho de salsa | 1 cenoura | 1/2 copo de vinho branco | 1 copo de água | azeite | farinha trigo | sal | pimenta;Pique a cebola e refogue-a num fio de azeite juntamente com o louro. | Passe a carne por farinha e quando a cebola estiver dourada acrescente-a e deixe-a refogar um pouco. | Acrescente a cenoura em rodelas, os cravinhos, o tomate, o vinho e a água, tempere com sal e pimenta e deixe a carne cozer até ficar tenra. | Quando a carne estiver cozida retire-a do molho assim como algumas rodelas de cenoura. | Remova os cravinhos e o louro do molho e passe-o com a varinha mágica. | Volte a acrescentar a carne e a cenoura ao molho e deixe levantar fervura antes de servir.;Sem lactose | Sem açúcar | Sem ovo
Pataniscas de bacalhau tradicionais: receita fácil, rápida e crocante;Prato Principal;Médio;1 h 30 m;473 Kcal;4.38;1 posta (lombo) de bacalhau | 150 gr de bacalhau desfiado e demolhado | 1/2 cebola média | 2 alhos | 3 ovos | salsa | cerveja | farinha de trigo | sal | pimenta q.b. | óleo para fritar;Para que não haja confusão na receita, devo explicar que nos ingredientes, uso uma posta de bacalhau + 150 gr. de bacalhau desfiado. E tal deve-se ao facto de na altura achar, e bem, que só uma posta não era suficiente e tendo bacalhau desfiado no congelador, adicionei mais um bocadinho. Usem o que tiverem em casa. Metade do bacalhau é refogado para dar mais sabor às pataniscas mas não quis exagerar, daí o uso do restante cozido. Cozi a posta de bacalhau, tirei as espinhas e desfiei grosseiramente para uma tigela funda. | Cortei os dois alhos em pedacinhos e foram a refogar numa frigideira com azeite. Juntei as 150 gr. de bacalhau desfiado (previamente espremido) e partido em pedacinhos. | O peixe, mesmo depois de espremido, vai largar alguma água. Deixam cozinhar até secar totalmente. | Depois de arrefecido, juntei o bacalhau desfiado ao cozido, alhos incluídos. | Adicionei meia cebola em cubinhos pequenos, a salsa e a pimenta preta. | Bati dois ovos e uma gema com um garfo e juntei ao preparado. | Juntei farinha aos poucos até a massa ganhar alguma consistência, mas reparem que deve continuar bastante molinha e húmida. | Não pode ficar uma massa muito firme, senão as pataniscas ficam duras ou borrachosas. | Depois introduzi aproximadamente 0,5 dl de cerveja branca, envolvi delicadamente e, por fim, a clara que sobrou, batida em castelo firme. | Rectifiquei de sal e fritei colheres de sopa da massa em óleo bem quente.;Sem lactose | Sem açúcar
Bacalhau com natas à portuguesa: receita tradicional, cremosa e fácil de fazer;Prato Principal;Médio;1 h 5 m;739 Kcal;4.56;700 g de bacalhau demolhado | 600 ml de leite | 1 cebola | 2 col. de sopa de farinha trigo | 1 kg de batatas | 200 ml de natas (creme de leite) | 200 g de queijo ralado ou pão ralado (farinha de rosca ) | sal | pimenta | azeite;Levar o leite a ferver. Quando ferver, juntar as postas de bacalhau já demolhadas. Deixar cozer por 10 minutos. | Retirar as postas do leite, reservando o leite. Desfiar o bacalhau, retirando as espinhas. | Refogar as cebolas em azeite quente. Quando começarem a ficar transparentes, juntar o bacalhau e a farinha e misturar tudo. | Juntar um pouco do leite da cozedura do bacalhau e misturar até espessar. Juntar um pouco mais de leite e fazer o mesmo. Repita a operação até terminar o leite. Quando espessar, desligue o lume/fogo e reserve. | Lavar, descascar e cortar as batatas em cubos. Fritar em azeite quente. Não frite as batatas como se fossem batatas fritas, o objetivo é cozê-las, mas em azeite e numa frigideira. | Misturar as batatas com a preparação de bacalhau, e verter o todo numa travessa de ir ao forno, untada com manteiga. | Verter as natas por cima e polvilhar de queijo ralado ou pão ralado / farinha de rosca. | Levar ao forno por 35 minutos a 180°C. | Pronto para se deliciar ?;Vegan | Vegetariano | Sem açúcar | Sem ovo
Peixe gratinado fácil;Prato Principal;Fácil;1 h 35 m;388 Kcal;4.48;600 gr de peixe branco (pescada, tilápia,merluza) | 500 gr de batata | 200 gr de cogumelo s (champignons de Paris) | 35 gr de farinha de trigo | 35 gr de manteiga (margarina) | 500 ml leite | 70 gr de queijo ralado | sal | pimenta | noz moscada;Descasque e corte as batatas em cubos. Cozinhe-as por 10 minutos na água fervente. | Unte a forma e verta/despeje as batatas já cozinhas. Por cima das batatas, coloque o peixe cortado em grandes pedaços. Por último, os champignons lavados e laminados por cima do peixe. | Preparando o béchamel : no tacho/panela, derreta a manteiga e verta/despeja de uma vez a farinha.Misture com o fouet (batedor). | Junte aos poucos o leite, sempre mexendo. O molho deverá engrossar. Jogue uma pitada de sal, pimenta e noz moscada. | Verta/despeje o béchamel na forma em toda a superfície. Por último, o queijo ralado. | Leve ao forno por 40 minutos a 180°C. | Peixe gratinado pronto para ser servido.;Sem açúcar | Sem ovo
Coelho à caçador;Prato Principal;Fácil;50 min;1121 Kcal;4.11;1/2 Coelho | 2 dentes de alho | 1 folha e louro | 100 ml vinho branco | 100 ml vinho tinto | Sal e Pimenta q.b. | 2 colheres sopa de azeite | 1 cebola grande | 1 colher de chá de colorau | 1 ramo de salsa;Corte o coelho em pedaços e tempere-o com os alhos picados, o louro, o sal e a pimenta. Junte o vinho e deixe marinar. | Tempere o colho de véspera porque a carne do coelho é bastante doce e necessita de tempo para adquirir os temperos. | Pique bem a cebola e junte ao coelho. Adicione o azeite e o colorau e o ramo de salsa. | Coza o coelho em lume brando durante cerca de 40 minutos. | Mexa ocasionalmente e se o molho secar junte um pouco de vinho ou água. | Acompanhar com batatas novas cozidas.;Sem glúten | Sem lactose | Sem açúcar | Sem ovo
Nuggets de frango (fácil e saboroso);Prato Principal;Fácil;32 min;523 Kcal;4.69;200 gr de frango | 2 col. sopa de farinha de trigo | 2 ovos | 100 gr de pão ralado (farinha de rosca) | sal | pimenta | óleo para fritar;Coloque o peito de frango no triturador. Tempere com sal e pimenta a gosto. Triture finamente o frango. | Recupere 1 col. chá do frango moído e forme uma pequena bola. | Empane na farinha de trigo e em seguida nos ovos (já batidos como omelete). Termine empanando com pão ralado. Certifique que os nuggets esteja bem cobertos. | Logo em seguida, refrigere os nuggets por 20 minutos (serve para fixar o pão ralado). | Frite-os na fritadeira com óleo bem quente, durante 2 minutos. | Fácil, fácil. Seus nuggets estão prontos e deliciosos!;Sem lactose | Sem açúcar
Caril de frango fácil;Prato Principal;Fácil;40 min;471 Kcal;4.38;200 ml de leite de coco | 300 g de frango | 1 cebola (1 ou 2) | 1/4 de pimento (pimentão) amarelo | 2 cenouras | cebolinho (a) | 1 c. de sopa de azeite | 1/2 limão | 15 g de manteiga | gengibre em pó | 1 c. de sobremesa de paprica (colorau) | 1 c. de sopa de caril (curry) | 1 c. de sopa de concentrado de tomate | 2 dentes de alho;Cortar o frango em pedaços e colocar num recipiente. Ralar o alho e juntar ao frango, mais o caril e o sumo/suco do meio limão. Misture e deixe marinar. | Coloque a cebola, o pimento/pimentão amarelo, as cenouras e o cebolinho/a no liquidificador. Mixe até obter uma pasta espessa. | Aquecer o azeite e a manteiga numa frigideira e junte os legumes da preparação anterior. Deixe cozer por 10 minutos para fazer evaporar a água dos legumes. | Junte o concentrado de tomate, o gengibre, a paprica, salgue e apimente. Misture. (Junte uma pitada de açúcar caso o concentrado de tomate for muito ácido). | De seguida junte o frango marinado e deixe cozer. | Uma vez o frango cozido, junte o leite de coco e misture. | Deixe cozer até que a mistura ganhe textura. | Acompanhe com arroz branco.;Sem glúten | Sem açúcar | Sem ovo
Soufflé de queijo Gruyère;Entrada;Difícil;55 min;410 Kcal;4.75;6 ovos | 200 g de queijo Gruyère | manteiga | farinha | leite | noz-moscada | sal;Preparar um roux com manteiga e farinha. | Adicionar leite e formar um béchamel. | Misturar gemas e queijo. | Bater claras em castelo e envolver. | Cozer imediatamente em forno alto sem abrir.;Vegetariano
Moussaka grega, mussaca, mussaka;Prato Principal;Fácil;1 h 35 m;361 Kcal;4.59;2 beringelas (berinjelas) | 500 gr de carne de cordeiro picado | 1 cebola | 1 dente de alho | 1 ramo de ervas | azeite;Lavar e cortar as beringelas/berinjelas em fatias de 1 cm mais ou menos. Colocar sobre uma placa de forno coberta de papel vegetal/manteiga, regar com azeite, temperar com sal e pimenta e levar ao forno por 20 minutos a 200ºC. | O molho de tomate : Colocar os tomates sem pele e cortados aos pedaços dentro de uma panela/tacho com azeite. Temperar com sal e pimenta e juntar meia colher de sobremesa de canela e o concentrado de tomate. Misturar e deixar reduzir a fogo/lume médio por 15 minutos mais ou menos. | Refogar a cebola em azeite, juntar o cordeiro picado e deixar cozer. | Juntar o molho de tomate, o dente de alho picado e o ramo de ervas. Misturar e deixar cozer a fogo/lume médio por 15 minutos mais ou menos. | O molho branco : Derreter a manteiga e juntar a farinha. Misturar. | Juntar o leite, pouco a pouco, misturando sempre. Se começar a ficar com grânulos, passe-o ao mixer. Misture, sempre ao lume/fogo, até que o líquido espesse um pouco. | Retire do lume e junte o ovo batido, misturando vigorosamente. | Numa travessa grande, untada de azeite, coloque uma camada de beringelas, depois a carne e alise. | Cubra com mais uma camada de beringelas e regue o todo com o molho branco. | Levar ao forno por 35 minutos a 180ºC. Olhando de vez em quando para não queimar. | Pronto para servir !;Sem glúten | Sem ovo | Sem açúcar | Vegan | Vegetariano
Bacalhau à brás, receita tradicional portuguesa fácil e saborosa;Prato Principal;Fácil;55 min;350 Kcal;4.6;500 gr bacalhau demolhado | 5 ovos | sal | pimenta | salsa fresca | azeite | 2 cebolas médias (cortadas em meias luas) | 3 dentes alho (picados) | 1 folha louro | 250 gr batata palha | azeitonas pretas;Em uma panela, ferva a água e em seguida cozinhe o bacalhau demolhado por cerca de 10 minutos. | Retire a pele e as espinhas. Desfie o bacalhau e reserve-o. | Bata os 5 ovos em omelete. Tempere com sal e pimenta. Coloque salsa a gosto. Misture e reserve. | Numa frigideira, aqueça um bom fio de azeite e refogue as cebolas descascadas e cortadas em meias-luas, os alhos descascados e picados e a folha de louro. Cozinhe até ficar translúcido. Retire a folha de louro. | Acrescente o bacalhau e refogue por cerca de 3 minutos. Junte agora as batatas palhas. Mexa com cuidado. | Acrescente os ovos batidos e misture. Junte também as azeitonas (a gosto). Não deixe os ovos cozinharem e secarem demais. | Está pronto. Decore com a salsa picadas e algumas azeitonas.;Sem glúten | Sem lactose | Sem açúcar
Leite creme;Sobremesa;Fácil;30 min;112 Kcal;4.39;1 litro de leite | 7 colheres (sopa) de açúcar | 5 gemas | 4 colheres (sobremesa) Maizena | 1 pau canela | 1 casca de limão;Levar o leite a ferver com o pau de canela e a casca do limão. | Entretanto bater ligeiramente o açúcar com as gemas e a Maizena. | Quando o leite ferver, retirar a canela e o limão, e juntar lentamente à mistura de ovos, mexendo sempre. | Colocar a mistura novamente no tacho onde se ferveu o leite e passar com a varinha para desfazer eventuais grumos da Maizena. | Deixar no lume brando até engrossar, sem parar de mexer. Colocar numa travessa e polvilhar com canela ou queimar. | Para queimar basta polvilhar com açúcar e queimar com ferro próprio.;Sem açúcar | Sem glúten | Vegetariano
Tarte de pastel de nata;Sobremesa;Médio;1 h 10 m;258 Kcal;4.36;1 base de massa folhada | 5 ovos | 5 colheres (sopa) de farinha | 5 colheres (sopa) de açúcar | 1/2 litro de leite | 1 pau de canela | raspa de um limão ou essência de baunilha (depende do sabor que gostar mais);Unte uma forma de fundo amovivel com margarina e ponha a massa folhada. | Num tacho deite as gemas, o açúcar, a farinha, a raspa de limão (ou essência), e o leite mexendo sempre muito bem. Adicione por fim o pau de canela e leve ao lume até engrossar. | Deite o preparado na forma e leve ao forno até a massa cozer (cerca de 30 min a 180°C). Depois ligue o forno por cima e deixe tostar tipo pastel de nata. Deixe arrefecer um pouco antes de desenformar. Bom apetite;Vegetariano
Serradura;Sobremesa;Fácil;20 min;782 Kcal;4.44;2 pacotes de natas / creme de leite FRIAS | 1 pacote de bolacha maria (biscoito de manteiga) | 1 lata de leite condensado (cozido ou normal);Batem-se as natas em castelo (em neve) | Em seguida mistura-se o leite condensado mexendo muito bem. | Mistura-se as bolachas trituradas na picadora (mixer). | Por fim coloca-se um pouco da bolacha maria por cima para enfeitar. | Coloca-se no frigorífico (geladeria) até servir.;Vegetariano
Bolinhos de côco: simples e irresistível;Sobremesa;Fácil;40 min;239 Kcal;4.31;250 g côco ralado | 180 g de açúcar | 3 ovos | 1 col. de chá de fermento em pó;Numa taça coloque os ovos inteiros, clara e gema, mexa bem. | Adicione o açúcar e volte a mexer. Por fim adicione o côco e o fermento e envolva tudo muito bem. | Com a ajuda de uma colher encha as formas de papel até meio e leve ao forno pré-aquecido a 180º durante 10 minutos. | Bom apetite!;Sem glúten | Vegetariano | Sem lactose
Bolo de bolacha;Sobremesa;Fácil;1 hora;399 Kcal;4.63;2 pacotes de bolachas Maria | 250 g de manteiga amolecida | 250 g de açúcar | 3 gemas de ovo | 200 ml de café | 1 colher de sobremesa de açúcar (para o café - opcional);Bater a manteiga por 5 minutos. Juntar o açúcar e bater por mais 5 minutos. Por fim junte as gemas e bata novamente por 5 minutos. Reserve. | Junte a colher de açúcar ao café (isto é opcional). Molhe rapidamente uma bolacha dentro e disponha sobre um prato raso grande. Não molhe muito tempo as bolachas dentro do café, o objetivo não é que fiquem moles mas que tenham o gosto a café. | Uma por uma, disponha as bolachas formando uma flor. | Espalhar numa camada fina o creme de manteiga que reservou. | Fazer camadas de bolacha molhada no café e creme de manteiga até lhe sobrar apenas 5 bolachas. | Termine com uma camada de creme de manteiga. Triture as 5 bolachas que guardou e decore o bolo. | Pôr no frigorífico / geladeira por algumas horas e servir.;Vegetariano
Massa de crepes perfeita;Sobremesa;Fácil;40 min;112 Kcal;4.37;250 g de farinha trigo | 4 ovos | 500 ml de leite | 2 colheres de sopa de óleo | 1 colher de sobremesa de extrato de baunilha | 1 pitada de sal;Misture a farinha e o sal num recipiente fundo. Faça um buraco no meio e coloque os ovos. | Misture e junte o extrato de baunilha e o óleo. Se for demasiado duro de misturar, junte um pouco de leite. | Depois, junte o leite pouco a pouco, misturando sempre. No fim, cubra o recipiente (só para proteger) e deixe repousar por 1 hora (na geladeira/frigorífico). | Aquecer uma frigideira ou uma frigideira própria para crepes e untar de óleo com um papel de cozinha. Verter um pouco de massa dentro e deixar cozer por um minuto. Virar do avesso, cozer 1 minuto igualmente e retirar. Faça o mesmo até acabar a massa. | Pronto ! Recheie com açúcar em pó / de confeiteiro, doce, geleia, mel, chocolate para barrar, açúcar ou deixe assim mesmo. Bom Apetite !;Sem glúten | Sem ovo | Vegetariano
Tiramisú italiano cremoso;Sobremesa;Médio;30 min;380 Kcal;4.5;2 ovos | 250 g de mascarpone | 250 ml de café | 3 col. sopa de cacau em pó | chocolate em barra (opcional) | 20 biscoitos champagne | 7 col. sopa de açúcar;Misture o café com uma 1 col. de açúcar e deixar esfriar. | Separar as claras das gemas. Bater energéticamente as gemas com o açúcar. | Juntar o mascarpone e mexer suavemente. | À parte, bater as claras em castelo. | Incorporar as claras à mistura de gemas e mascarpone.Misturar suavemente com a ajuda de uma espátula. | Molhar levemente as bolachas no café, e colocar uma camada no molde. | Faça agora uma camada de creme. Polvilhe com uma cacau e por cima raspas de chocolate. | Repita o mesmo processo até o final. O creme será a última camada. Cubra com filme plástico e deixe no frigorífico (geladeira) da noite pro dia. | Antes de servir, polvilhe ainda com cacau em pó e coloque as raspas de chocolate. | Está pronto. O melhor é de um dia para outro, mas para os apressadinhos, mínimo 4 horas na geladeira (frigorífico).;Vegetariano
Pastéis de nata (o clássico português);Sobremesa;Médio;55 min;185 Kcal;4.53;1 massa folhada retangular | 250 ml de leite | (casca de 1 limão orgânico) | 30 gr de farinha de trigo | 150 gr de açúcar | 75 ml de água | 4 gemas;Enrole a massa folhada (sobre ela mesma) e corte em 12 partes iguais. | Unte/barre as formas e coloque 1 pedaço cortado da massa folhada dentro de cada forma. (veja vídeo). Abra a massa dentro de cada forma. Basta pressionar com os dois polegares para espalhar a massa na forma. Reserve! | Num tacho/panela, comece a esquentar 150 ml de leite com a casca do limão. Num copo grande, por exemplo, dissolva a farinha com o restante do leite (100 ml). Quando o leite (com a casca de limão) começar a ferver, junte a misture o leite-farinha e mexa sem parar com a ajuda da vara de arames (fouet ou batedor). A mistura deverá engrossar dentro de alguns minutos. | Retire a casca e peneire esta mistura para retirar eventuais grumos. Reserve. Coloque água e açúcar na panela e comece a esquentar. | Quando levantar fervura, deixe ainda por 4 minutos. Desligue e retire do fogo. E então despeje/verta esta calda de açúcar em fio sobre o creme, sempre misturando. Deixe esfriar/arrefecer por alguns minutos. | Por último junte as gemas e misture bem. Despeje essa mistura dentro de cada forma (que já está com a massa folhada). Não preencha por inteiro, deixe um pequeno espaço. | Leve ao forno 15 minutos a 230°C. | Seus pastéis de nata estão prontos. Não hesite em polvilhar com canela em pó antes da degustação, quente ou frio.;Vegetariano
Cheesecake de morango e 10 mil visitas;Sobremesa;Fácil;10 min;652 Kcal;4.46;1 lata de leite condensado | 2 pacotes de natas (caixinha de creme de leite) | 8 folhas de gelatina | 200 g de queijo philadelphia | 1 pacote de bolacha maria | 100 g de margarina | doce de morango;Triture as bolachas e junte a margarina derretida, mexa bem e deite no fundo de uma tarteira. | Leve ao frigorífico enquanto prepara o creme. | Demolhe as folhas de gelatina e derreta em 1 dl de leite. Bata as natas em chantilly e reserve. | Bata o queijo uns segundos com o leite condensado e junte as natas, adicione a gelatina derretida e deite sobre a base de bolacha. | Leve ao frigorifíco para solidificar (mínimo 4 horas) | Retire e espalhe por cima o doce de morango , leve de novo ao frigorífico e sirva bem fresco.;
Folhados de maçã rápido;Sobremesa;Fácil;35 min;186 Kcal;4.58;1 massa folhada | 3 maçãs | açúcar | canela em pó | 1 gema de ovo;Cortar a massa folhada em 8 partes iguais. | Descascar e fatiar as maçãs em pedaços médios. Coloque-os sobre a massa folhada (4 pedaços por cada parte da massa). | Polvilhe com açúcar e canela. | Com a ajuda de uma faca, faça 3 cortes verticais, começando no alto do triângulo. | Comece a dobrar do centro ao exterior, cada parte da massa folhada. | Em uma assadeira, ponha os folhados, pincele-os com gema e em seguida, coloque-os ao forno durante 20 minutes à 180°C. | Chegou a melhor hora. Os folhados estão prontos esperando serem atacados.;Vegetariano
Tarte mille-feuille de framboesa;Sobremesa;Difícil;2 h 30 min;520 Kcal;4.86;massa folhada | creme diplomata | framboesas frescas | açúcar em pó | baunilha | manteiga;Laminagem da massa folhada em múltiplas dobras. | Cozer as folhas até estaladiças. | Preparar creme diplomata com baunilha. | Montar camadas alternadas. | Finalizar com açúcar polvilhado e framboesas.;Vegetariano
Soufflé vegano de batata-doce e alecrim;Entrada;Difícil;50 min;290 Kcal;4.69;batata-doce | aquafaba | farinha de grão-de-bico | alecrim | azeite | sal;Bater aquafaba até firme. | Fazer puré de batata-doce com azeite e alecrim. | Envolver delicadamente. | Assar sem abrir o forno. | Servir imediatamente.;Vegano | Sem Glúten
Bolo entremet de chocolate e framboesa;Sobremesa;Difícil;3 h;520 Kcal;4.93;bolo de chocolate | mousse de framboesa | glaçagem espelhada | gelatina | manteiga | açúcar;Assar base de bolo. | Preparar mousse e congelar em molde. | Montar entremet em camadas. | Fazer glaçagem espelhada. | Verter sobre bolo congelado.;Vegetariano
Panquecas simples;Sobremesa;Fácil;20 min;210 Kcal;4.20;200 g de farinha | 2 ovos | 300 ml leite | 1 colher de sopa de açúcar;Misturar farinha, ovos e leite até obter massa homogénea. | Aquecer frigideira e verter pequenas porções. | Cozinhar até dourar.;Vegetariano | Sem glúten
Salada detox;Entrada;Fácil;10 min;;4.00;alface | pepino | limão | sementes de chia;Lavar e cortar os vegetais. | Misturar tudo numa taça e temperar com limão.;Vegan | Sem lactose
Sopa de lentilhas sem gluten;Prato Principal;Médio;45 min;350 Kcal;4.10;200 g lentilhas | 1 cebola | 2 dentes de alho | 1 cenoura;Refogar cebola e alho. | Juntar lentilhas e cenoura, cobrir com água e cozer 30-40 min.;Sem glúten | Vegan
Biscoitos surpresas;Sobremesa;Fácil;1 h;600 Kcal;3.80;200 g farinha | 150 g açúcar | 100 g manteiga;Misturar ingredientes e formar bolinhas. | Levar ao forno 15-20 min a 180°C.;
Omelete light;Prato Principal;Fácil;12 min;150 Kcal;4.50;3 ovos | sal | pimenta | salsa;Bater os ovos, temperar e cozinhar em frigideira antiaderente.;Sem glúten | Sem lactose | Sem açúcar
Risotto cremoso;Prato Principal;Difícil;1 h 20 m;700 Kcal;4.70;300 g arroz arborio | 1 cebola | 150 g queijo ralado | 200 ml vinho branco;Fazer refogado, adicionar arroz e cozinhar mexendo e juntando caldo gradualmente.;Vegetariano
Smoothie verde rápido;Entrada;Fácil;5 min;120 Kcal;4.05;1 banana | 1 punhado espinafre | 200 ml leite vegetal | 1 colher de sopa mel;Bater tudo no liquidificador e servir fresco.;Vegan | Sem lactose | Sem açúcar
Bolo sem ovo;Sobremesa;Médio;50 min;420 Kcal;4.00;250 g farinha | 200 ml leite vegetal | 150 g açúcar | 1 colher sopa fermento;Misturar secos e líquidos, levar ao forno 40-50 min a 180°C.;Sem ovo | Vegetariano
Salmão assado com espargos e limão;Prato Principal;Médio;45 min;440 Kcal;4.82;2 lombos de salmão | 1 molho de espargos | 2 dentes de alho | 1 limão | azeite | sal | pimenta;Pré-aquecer o forno a 180ºC. | Num tabuleiro, colocar o salmão e os espargos lavados. | Temperar com alho picado, sumo de limão, sal, pimenta e um fio de azeite. | Assar durante 20-25 minutos até o peixe lascar facilmente.;Sem glúten | Sem lactose | Sem açúcar | Sem ovo
Mousse de chocolate e abacate fit;Sobremesa;Fácil;15 min;280 Kcal;4.65;2 abacates maduros | 4 colheres de sopa de cacau em pó | 3 colheres de xarope de agave ou mel | extrato de baunilha;Cortar os abacates e retirar a polpa. | Colocar num liquidificador com o cacau, o adoçante e a baunilha. | Triturar até obter um creme liso e homogéneo. | Levar ao frigorífico por 1 hora antes de servir.;Vegan | Sem glúten | Sem lactose | Sem ovo
Feijoada à Transmontana;Prato Principal;Difícil;2 h 30 m;950 Kcal;4.90;500g feijão vermelho | 300g carne de porco | 1 chouriço | 1 farinheira | 1 couve lombarda | cebola | alho | louro;Demolhar o feijão de véspera e cozer na panela de pressão com as carnes. | Fazer um refogado com cebola e alho. | Juntar o feijão, as carnes cortadas e a couve ripada. | Deixar apurar em lume brando até o molho engrossar. | Servir com arroz branco.;Sem glúten | Sem açúcar | Sem lactose
Salada de Quinoa Colorida;Prato Principal;Fácil;25 min;310 Kcal;4.55;1 chávena de quinoa | 1 pimento vermelho | 1 pepino | milho doce | azeite | sumo de limão | coentros;Lavar a quinoa e cozer em água fervente por 15 min. | Cortar o pimento e o pepino em cubos pequenos. | Numa taça grande, misturar a quinoa arrefecida com os vegetais e o milho. | Temperar com azeite, limão, sal e coentros frescos.;Vegan | Sem glúten | Sem lactose | Sem ovo | Sem açúcar
Arroz Doce Cremoso Tradicional;Sobremesa;Médio;50 min;415 Kcal;4.72;1 chávena de arroz carolino | 1 litro de leite | 150g açúcar | casca de limão | pau de canela | 3 gemas | canela em pó;Cozer o arroz em água até abrir. | Escorrer e juntar o leite quente, a casca de limão e o pau de canela. | Deixar cozer lentamente mexendo sempre. | Juntar o açúcar e as gemas batidas fora do lume para não talhar. | Levar ao lume só para engrossar e servir polvilhado com canela.;Vegetariano | Sem glúten
Bruschetta de Tomate e Manjericão;Entrada;Fácil;15 min;180 Kcal;4.45;4 fatias de pão rústico | 2 tomates maduros | 1 dente de alho | azeite virgem extra | folhas de manjericão | sal;Torrar as fatias de pão. | Esfregar o dente de alho cru no pão quente. | Picar o tomate em cubos pequenos e temperar com azeite e sal. | Colocar o tomate sobre o pão e decorar com manjericão fresco.;Vegan | Vegetariano | Sem lactose | Sem açúcar | Sem ovo
Lasanha de Vegetais;Prato Principal;Difícil;1 h 15 m;520 Kcal;4.68;placas de lasanha | 1 beringela | 1 curgete | 2 cenouras | molho de tomate | molho bechamel | queijo mozzarella;Cortar os legumes em cubos e saltear em azeite. | Num tabuleiro, alternar camadas de massa, legumes, molho de tomate e bechamel. | Terminar com molho bechamel e bastante queijo. | Levar ao forno a 200ºC até gratinar.;Vegetariano | Sem açúcar
Carpaccio de Carne com Rúcula;Entrada;Médio;20 min;210 Kcal;4.80;200g lombo de novilho (cortado muito fino) | queijo parmesão em lascas | rúcula selvagem | alcaparras | azeite | limão;Dispor a carne fatiada num prato sem sobrepor muito. | Espalhar a rúcula no centro e as alcaparras. | Regar com azeite e sumo de limão. | Terminar com as lascas de parmesão e pimenta moída na hora.;Sem glúten | Sem açúcar | Sem ovo
Espetadas de Fruta com Chocolate;Sobremesa;Fácil;10 min;150 Kcal;4.30;morangos | banana | kiwi | 100g chocolate preto (70% cacau);Cortar as frutas em pedaços de tamanho igual. | Espetar alternadamente em paus de espetada. | Derreter o chocolate em banho-maria. | Fazer fios de chocolate sobre a fruta.;Vegetariano | Sem glúten | Sem ovo
Caldo Verde com Chouriço;Entrada;Médio;45 min;190 Kcal;4.85;5 batatas | 1 cebola | 2 dentes alho | 200g couve galega cortada em caldo verde | azeite | chouriço em rodelas;Cozer as batatas, cebola e alho em água com sal. | Triturar tudo para fazer a base do puré. | Levar ao lume, juntar a couve e o chouriço. | Deixar cozer a couve e adicionar um fio de azeite cru no final.;Sem glúten | Sem lactose | Sem açúcar | Sem ovo
Hambúrguer de Grão e Espinafres;Prato Principal;Médio;35 min;340 Kcal;4.40;1 lata de grão de bico | espinafres frescos | cominhos | farinha de aveia | cebola picada;Esmagar o grão de bico grosseiramente. | Misturar os espinafres picados, cebola, cominhos e a farinha para ligar. | Moldar hambúrgueres com as mãos. | Grelhar numa frigideira antiaderente com um fio de azeite até dourar.;Vegan | Vegetariano | Sem lactose | Sem ovo | Sem açúcar
Bolo de Caneca de Microondas;Sobremesa;Fácil;5 min;250 Kcal;3.95;1 ovo | 2 colheres sopa farinha | 2 colheres sopa chocolate em pó | 1 colher sopa óleo | 1 colher sopa leite;Misturar todos os ingredientes na caneca. | Levar ao microondas potência máxima por 3 minutos. | Cuidado ao retirar pois estará quente.;Vegetariano | Sem açúcar
Esparguete à Carbonara (Original);Prato Principal;Médio;25 min;580 Kcal;4.75;400g esparguete | 150g guanciale ou bacon | 4 gemas de ovo | 100g queijo pecorino ou parmesão | pimenta preta moída;Cozer a massa em água com sal. | Fritar o guanciale/bacon na própria gordura até ficar crocante. | Numa taça, bater as gemas com o queijo e muita pimenta. | Juntar a massa quente ao bacon (fora do lume). | Adicionar a mistura de ovos e mexer rápido para criar um creme sem cozinhar o ovo. Juntar um pouco da água da cozedura se necessário.;Sem açúcar
Wok de Legumes e Tofu;Prato Principal;Fácil;15 min;220 Kcal;4.60;200g tofu firme | molho de soja | gengibre fresco | 1 cenoura | 1 pimento | brócolos | óleo de sésamo | sementes de sésamo;Pressionar o tofu para tirar a água e cortar em cubos. | Saltear o tofu no wok com óleo até dourar. Reservar. | No mesmo wok, saltear os legumes cortados em tiras (devem ficar crocantes). | Juntar o tofu, o gengibre ralado e o molho de soja. Saltear mais 2 minutos. | Servir com sementes de sésamo.;Vegan | Vegetariano | Sem lactose | Sem ovo | Sem açúcar
Camarão à Guilho (Alho);Entrada;Fácil;15 min;290 Kcal;4.88;500g camarão descascado | 4 dentes de alho laminados | 1 malagueta | azeite abundante | coentros frescos | sal;Aquecer o azeite numa frigideira larga. | Juntar os alhos e a malagueta, deixando frigir sem queimar. | Adicionar os camarões e fritar até ficarem cor-de-rosa (cerca de 3 min). | Temperar com sal e polvilhar com muitos coentros picados. Servir com pão.;Sem glúten | Sem lactose | Sem açúcar | Sem ovo
Brownie de Batata Doce (Fit);Sobremesa;Médio;45 min;180 Kcal;4.50;2 batatas doces cozidas | 1/2 chávena cacau em pó | 1 chávena farinha de aveia | 1/2 chávena mel | nozes picadas;Triturar a batata doce cozida até virar puré. | Misturar o cacau, a farinha de aveia e o mel até ficar uma massa densa. | Incorporar as nozes picadas. | Colocar num tabuleiro pequeno forrado com papel vegetal. | Assar a 180ºC por 25-30 minutos.;Vegetariano | Sem lactose | Sem açúcar
Frango Assado com Limão e Batatinhas;Prato Principal;Fácil;1 h 10 m;550 Kcal;4.70;1 frango inteiro | 500g batatas pequenas | 2 limões | colorau | azeite | alho em pó | sal;Num tabuleiro, colocar o frango e as batatas em redor. | Fazer uma pasta com azeite, sumo de 1 limão, colorau, alho e sal. | Barrar o frango e as batatas com esta mistura. Colocar o outro limão cortado dentro do frango. | Assar a 200ºC até a pele estar estaladiça e dourada.;Sem glúten | Sem lactose | Sem açúcar | Sem ovo
Salada Caprese;Entrada;Fácil;5 min;240 Kcal;4.65;2 bolas de mozzarella fresca | 3 tomates maduros | manjericão fresco | azeite virgem extra | vinagre balsâmico (opcional) | sal;Cortar o tomate e a mozzarella em rodelas de espessura igual. | Dispor no prato alternando: tomate, queijo, folha de manjericão. | Temperar com sal, um fio generoso de azeite e umas gotas de balsâmico.;Vegetariano | Sem glúten | Sem ovo | Sem açúcar
Pizza Margherita Caseira;Prato Principal;Médio;1 h 30 m;600 Kcal;4.85;300g farinha trigo | 150ml água morna | fermento de padeiro | molho de tomate | queijo mozzarella ralado | orégãos;Misturar farinha, água, sal e fermento. Amassar bem e deixar levedar 1 hora. | Esticar a massa em formato redondo. | Espalhar o molho de tomate e cobrir com queijo mozzarella. | Levar ao forno na temperatura máxima (250ºC) por 10-12 minutos. | Finalizar com orégãos.;Vegetariano | Sem açúcar | Sem ovo
Mousse de Manga Simples;Sobremesa;Fácil;10 min;195 Kcal;4.40;2 mangas maduras | 1 iogurte grego natural | mel (opcional) | folhas de hortelã;Descascar e cortar as mangas em pedaços. | Triturar a manga no liquidificador até obter um puré. | Envolver o iogurte grego suavemente (se a manga não for doce, juntar um pouco de mel). | Levar ao frio e decorar com hortelã.;Vegetariano | Sem glúten | Sem ovo
Lulas Recheadas;Prato Principal;Difícil;1 h 20 m;410 Kcal;4.55;8 lulas limpas | tentáculos das lulas picados | 100g presunto picado | 1 cebola | 1 ovo cozido | polpa de tomate | vinho branco;Fazer um refogado com cebola e os tentáculos picados. | Juntar o presunto e o ovo picado. Rechear as lulas e fechar com um palito. | Noutro tacho, refogar cebola, juntar tomate e as lulas. | Regar com vinho branco, tapar e deixar estufar por 30-40 min em lume brando.;Sem glúten | Sem lactose | Sem açúcar
Tarte de Maçã Americana (Apple Pie);Sobremesa;Difícil;1 h 45 m;380 Kcal;4.78;2 bases de massa quebrada | 6 maçãs reineta | 100g açúcar moreno | canela | noz moscada | 1 colher farinha | manteiga;Descascar e fatiar as maçãs. Envolver com açúcar, especiarias e farinha. | Forrar a tarteira com uma base de massa. Colocar o recheio de maçã e pedacinhos de manteiga. | Cobrir com a segunda base de massa, selando as bordas e fazendo cortes no topo para sair o vapor. | Assar a 190ºC por 45-50 minutos até dourar.;Vegetariano
Sopa de Cenoura e Gengibre;Entrada;Fácil;35 min;120 Kcal;4.30;500g cenouras | 1 cebola | 1 pedaço de gengibre fresco (2cm) | caldo de legumes | azeite;Refogar a cebola e o gengibre picado em azeite. | Juntar as cenouras em rodelas e cobrir com o caldo ou água. | Cozer até a cenoura estar tenra. | Triturar até ficar um creme aveludado.;Vegan | Sem glúten | Sem lactose | Sem ovo | Sem açúcar
Bife de Atum com Sésamo;Prato Principal;Fácil;15 min;280 Kcal;4.60;2 bifes de atum fresco | sementes de sésamo (brancas e pretas) | molho de soja | azeite;Passar os bifes de atum pelo molho de soja. | Panar os bifes nas sementes de sésamo, pressionando bem. | Numa frigideira muito quente com um fio de azeite, selar o atum 1 minuto de cada lado (deve ficar cru no meio). | Fatiar e servir.;Sem lactose | Sem açúcar | Sem ovo
Pêras Bêbedas;Sobremesa;Médio;40 min;160 Kcal;4.25;4 pêras rijas | 300ml vinho tinto | 100g açúcar | 1 pau de canela | 1 estrela de anis;Descascar as pêras mantendo o pé. | Num tacho alto, colocar o vinho, açúcar e especiarias. | Quando ferver, colocar as pêras de pé. | Cozer em lume brando, regando as pêras com o molho, até ficarem vermelhas e macias.;Vegan | Sem glúten | Sem lactose | Sem ovo
Caril de Grão e Abóbora;Prato Principal;Médio;40 min;310 Kcal;4.50;400g grão de bico cozido | 300g abóbora | leite de coco | pasta de caril amarelo | espinafres;Refogar a pasta de caril num pouco de óleo. | Adicionar a abóbora em cubos e o leite de coco. Cozinhar 15 min. | Juntar o grão de bico e deixar apurar sabores. | No último minuto, juntar os espinafres frescos para murcharem.;Vegan | Sem glúten | Sem lactose | Sem ovo | Sem açúcar
Ovos Rotos com Presunto;Entrada;Médio;30 min;590 Kcal;4.90;3 batatas grandes | 3 ovos | 100g presunto ibérico | óleo para fritar | sal;Cortar as batatas em palitos ou rodelas e fritar (não deixar ficar muito estaladiças). | Estrelar os ovos em azeite quente deixando a gema líquida. | Colocar as batatas numa travessa, os ovos por cima e o presunto. | Antes de servir, partir os ovos e misturar tudo grosseiramente no prato.;Sem glúten | Sem lactose | Sem açúcar
Consommé Clarificado de Cogumelos Selvagens;Entrada;Difícil;55 min;85 Kcal;4.90;500g cogumelos variados | 2 claras de ovo | 1 cebola queimada | mirepoix (cenoura, aipo) | tomilho | pimenta em grão;Preparar um caldo base com os cogumelos e legumes. | Para clarificar (técnica difícil): bater as claras em castelo misturadas com cogumelos picados frios. | Juntar ao caldo quente, mexendo até formar uma 'jangada' sólida na superfície. | Deixar cozinhar em lume muito brando (simmer) sem ferver por 30 min. | Coar através de um pano de musselina com muito cuidado para não turvar o caldo.;Vegan | Sem glúten | Sem lactose | Sem açúcar
Raviolis Abertos de Curgete e Sapateira;Entrada;Difícil;45 min;210 Kcal;4.85;2 curgetes grandes | 200g carne de sapateira | 1 chalota | cebolinho | limão | 1 colher de iogurte grego ligeiro;Com uma mandolina, cortar a curgete em lâminas muito finas e branqueá-las por 30 segundos. | Limpar a sapateira minuciosamente (trabalhoso) garantindo que não há cascas. | Envolver a sapateira com o iogurte, chalota picada, sumo de limão e cebolinho. | Montar os raviolis cruzando as lâminas de curgete e recheando o centro. | Pincelar com azeite e servir frio.;Sem glúten | Sem açúcar | Pescatariano
Ovo Mollet com Espargos e Texturas;Entrada;Difícil;35 min;185 Kcal;4.70;4 ovos frescos | 1 molho de espargos verdes | pão ralado panko | avelãs torradas | flor de sal;A dificuldade está no ovo: cozer em água a ferver exatamente 5 minutos e 30 segundos. | Parar a cozedura imediatamente em água com gelo. | Descascar os ovos com extremo cuidado para não rebentar a clara (muito delicado). | Grelhar os espargos no ponto. | Servir o ovo sobre os espargos e polvilhar com o panko torrado e avelãs.;Vegetariano | Sem açúcar | Sem lactose
Gyozas de Vegetais (Massa Caseira);Entrada;Difícil;1 h;240 Kcal;4.65;200g farinha de trigo | repolho | gengibre | cogumelos shitake | cebolinho | óleo de sésamo;Fazer a massa misturando farinha e água quente. Amassar até ficar elástica (requer força). | Estender a massa até ficar quase transparente. Cortar círculos. | Picar os vegetais muito finos e retirar o excesso de água. | O passo difícil: Rechear e fechar as gyozas fazendo as pregas tradicionais (pleating) à mão. | Cozer a vapor (steaming) para manter as calorias baixas.;Vegan | Sem lactose | Sem açúcar
Tártaro de Tomate com Gel de Manjericão;Entrada;Difícil;40 min;120 Kcal;4.80;4 tomates coração de boi | ágar-ágar | manjericão fresco | azeite | vinagre de xerez | chalota;Pelar os tomates, retirar as sementes e cortar a carne em cubos perfeitos de 3mm (brunoise). | Deixar o tomate escorrer numa peneira para perder água. | Fazer o gel: triturar manjericão com água, coar, juntar ágar-ágar, ferver, deixar solidificar e triturar novamente até virar gel. | Temperar o tomate no momento de servir e empratar com pontos do gel.;Vegan | Sem glúten | Sem lactose | Sem açúcar
Carpaccio de Vieiras com Citrinos;Entrada;Difícil;30 min;160 Kcal;4.92;8 vieiras frescas grandes | 1 toranja | 1 laranja | 1 lima | pimenta rosa | azeite virgem;O desafio é o corte: fatiar as vieiras cruas em lâminas translúcidas sem as desfazer. | Descascar os citrinos 'em vivo' (retirar a casca e a pele branca) e retirar os gomos supremos. | Dispor as vieiras num prato frio. | Fazer um vinagrete com o sumo que sobrou dos citrinos. | Marinar apenas 2 minutos antes de servir para não 'cozer' o peixe.;Sem glúten | Sem lactose | Sem açúcar | Sem ovo